,date_time,maxtempC,mintempC,totalSnow_cm,sunHour,uvIndex,moon_illumination,moonrise,moonset,sunrise,sunset,DewPointC,FeelsLikeC,HeatIndexC,WindChillC,WindGustKmph,cloudcover,humidity,precipMM,pressure,tempC,visibility,winddirDegree,windspeedKmph,location
0,2019-01-01,10,4,0.0,4.9,2,26,03:10 AM,01:23 PM,08:06 AM,04:02 PM,5,5,8,5,17,43,84,0.2,1036,10,10,227,12,london
1,2019-01-02,6,4,0.0,8.0,2,19,04:20 AM,01:50 PM,08:06 AM,04:03 PM,1,2,5,2,13,20,75,0.0,1043,6,10,269,10,london
2,2019-01-03,6,0,0.0,8.0,2,11,05:29 AM,02:22 PM,08:06 AM,04:04 PM,1,2,4,2,7,13,76,0.0,1043,6,10,56,5,london
3,2019-01-04,4,2,0.0,4.9,1,4,06:32 AM,03:00 PM,08:06 AM,04:05 PM,-1,2,3,2,8,46,75,0.0,1042,4,10,277,6,london
4,2019-01-05,6,2,0.0,8.0,2,0,07:29 AM,03:46 PM,08:05 AM,04:06 PM,1,2,4,2,12,26,81,0.0,1039,6,10,298,9,london
5,2019-01-06,7,2,0.0,4.9,2,0,08:18 AM,04:38 PM,08:05 AM,04:07 PM,3,3,5,3,12,77,87,0.1,1037,7,9,294,8,london
6,2019-01-07,10,4,0.0,4.9,2,3,08:59 AM,05:36 PM,08:05 AM,04:09 PM,6,4,7,4,23,73,91,0.1,1033,10,7,263,15,london
7,2019-01-08,8,5,0.0,6.8,2,10,09:34 AM,06:37 PM,08:04 AM,04:10 PM,2,4,7,4,26,31,72,0.0,1028,8,10,321,18,london
8,2019-01-09,6,3,0.0,4.9,1,18,10:02 AM,07:42 PM,08:04 AM,04:11 PM,0,1,4,1,26,43,71,0.1,1029,6,10,346,18,london
9,2019-01-10,5,-2,0.0,3.0,1,25,10:26 AM,08:46 PM,08:03 AM,04:13 PM,1,0,3,0,13,82,82,0.1,1030,5,9,321,9,london
10,2019-01-11,9,5,0.0,4.9,2,32,10:47 AM,09:52 PM,08:03 AM,04:14 PM,5,5,6,5,13,65,90,0.0,1030,9,8,319,9,london
11,2019-01-12,10,5,0.0,3.0,2,39,11:07 AM,10:58 PM,08:02 AM,04:15 PM,5,5,7,5,27,81,84,0.3,1024,10,9,278,18,london
12,2019-01-13,12,9,0.0,3.1,3,47,11:26 AM,No moonset,08:01 AM,04:17 PM,6,7,10,7,37,95,74,0.1,1015,12,10,293,25,london
13,2019-01-14,9,7,0.0,4.9,2,54,11:46 AM,12:05 AM,08:01 AM,04:18 PM,3,5,8,5,23,56,72,0.2,1020,9,10,304,16,london
14,2019-01-15,10,5,0.0,6.8,2,61,12:08 PM,01:15 AM,08:00 AM,04:20 PM,4,5,7,5,20,49,84,0.0,1019,10,10,245,13,london
15,2019-01-16,11,7,0.0,3.2,2,69,12:33 PM,02:27 AM,07:59 AM,04:22 PM,5,6,9,6,30,77,79,0.9,1006,11,10,237,20,london
16,2019-01-17,5,4,0.1,5.1,1,76,01:05 PM,03:42 AM,07:58 AM,04:23 PM,-2,1,5,1,23,50,65,1.3,1010,5,9,311,17,london
17,2019-01-18,6,2,0.0,3.3,1,83,01:45 PM,04:57 AM,07:57 AM,04:25 PM,-3,1,4,1,18,73,61,0.0,1016,6,10,189,12,london
18,2019-01-19,5,4,0.0,3.3,1,90,02:37 PM,06:09 AM,07:56 AM,04:26 PM,0,1,4,1,22,85,76,0.3,1010,5,10,139,15,london
19,2019-01-20,9,2,0.0,8.7,2,98,03:42 PM,07:14 AM,07:55 AM,04:28 PM,0,3,4,3,9,15,72,0.1,1017,9,10,32,7,london
20,2019-01-21,5,-1,0.0,6.9,1,100,04:58 PM,08:08 AM,07:54 AM,04:30 PM,-1,2,3,2,10,36,74,0.0,1021,5,10,214,8,london
21,2019-01-22,6,3,0.0,6.9,1,88,06:21 PM,08:51 AM,07:53 AM,04:31 PM,1,2,5,2,20,64,74,8.3,1002,6,9,253,14,london
22,2019-01-23,5,0,0.0,8.7,2,81,07:46 PM,09:26 AM,07:52 AM,04:33 PM,-2,-1,2,-1,16,17,74,0.0,1002,5,10,338,12,london
23,2019-01-24,5,1,0.0,3.3,1,73,09:08 PM,09:54 AM,07:51 AM,04:35 PM,0,1,3,1,8,65,81,0.3,1011,5,8,271,5,london
24,2019-01-25,9,2,0.0,3.3,2,66,10:28 PM,10:18 AM,07:49 AM,04:37 PM,5,4,6,4,17,79,95,0.7,1014,9,6,254,10,london
25,2019-01-26,10,6,0.0,3.3,2,59,11:45 PM,10:41 AM,07:48 AM,04:38 PM,6,5,8,5,31,70,86,1.1,1004,10,10,239,20,london
26,2019-01-27,7,4,0.0,3.3,2,51,No moonrise,11:04 AM,07:47 AM,04:40 PM,0,1,6,1,40,85,68,3.7,990,7,7,297,29,london
27,2019-01-28,6,3,0.0,8.7,2,44,01:00 AM,11:28 AM,07:45 AM,04:42 PM,-3,0,4,0,23,18,62,0.0,1005,6,10,307,17,london
28,2019-01-29,6,2,0.0,3.4,1,37,02:12 AM,11:54 AM,07:44 AM,04:44 PM,-1,0,3,0,19,72,74,3.4,999,6,9,211,14,london
29,2019-01-30,5,2,1.1,8.7,2,30,03:21 AM,12:24 PM,07:43 AM,04:46 PM,-2,0,3,0,14,29,72,1.3,995,5,9,286,11,london
30,2019-01-31,4,1,1.9,5.2,1,26,04:25 AM,01:00 PM,07:41 AM,04:47 PM,-2,-1,2,-1,18,51,74,2.2,991,4,8,155,13,london
31,2019-02-01,3,1,7.2,3.4,1,8,05:24 AM,01:43 PM,07:40 AM,04:49 PM,0,-3,2,-3,30,100,89,9.4,987,3,6,50,21,london
32,2019-02-02,4,1,0.4,5.2,1,1,06:15 AM,02:32 PM,07:38 AM,04:51 PM,-1,-3,2,-3,30,56,80,0.5,1005,4,9,298,20,london
33,2019-02-03,4,1,0.0,8.7,1,0,06:59 AM,03:29 PM,07:36 AM,04:53 PM,-3,-1,2,-1,17,33,71,0.0,1022,4,10,266,12,london
34,2019-02-04,9,5,0.0,3.5,2,0,07:35 AM,04:29 PM,07:35 AM,04:55 PM,5,4,7,4,28,86,90,9.8,1019,9,7,235,17,london
35,2019-02-05,7,5,0.0,5.2,2,0,08:05 AM,05:32 PM,07:33 AM,04:57 PM,5,4,6,4,17,84,90,0.1,1023,7,11,163,11,london
36,2019-02-06,9,7,0.0,7.0,2,7,08:30 AM,06:37 PM,07:32 AM,04:58 PM,7,7,9,7,18,66,86,0.8,1018,9,9,224,11,london
37,2019-02-07,9,6,0.0,7.0,2,14,08:53 AM,07:42 PM,07:30 AM,05:00 PM,3,4,7,4,29,61,74,0.9,1009,9,8,233,19,london
38,2019-02-08,11,6,0.0,3.7,2,22,09:13 AM,08:48 PM,07:28 AM,05:02 PM,6,6,9,6,45,100,78,6.7,1002,11,8,229,30,london
39,2019-02-09,10,4,0.0,7.0,2,29,09:32 AM,09:54 PM,07:26 AM,05:04 PM,2,6,9,6,48,75,61,2.3,996,10,18,245,35,london
40,2019-02-10,8,6,0.0,3.7,2,37,09:51 AM,11:02 PM,07:25 AM,05:06 PM,3,4,7,4,26,76,76,6.8,997,8,10,257,19,london
41,2019-02-11,11,5,0.0,8.7,2,44,10:11 AM,No moonset,07:23 AM,05:08 PM,3,5,7,5,12,24,75,0.0,1022,11,14,293,9,london
42,2019-02-12,11,5,0.0,8.7,2,52,10:34 AM,12:11 AM,07:21 AM,05:10 PM,4,5,7,5,15,32,82,0.0,1033,11,13,225,10,london
43,2019-02-13,11,6,0.0,7.0,2,60,11:02 AM,01:22 AM,07:19 AM,05:11 PM,5,6,8,6,17,56,83,0.0,1033,11,10,205,12,london
44,2019-02-14,15,5,0.0,8.7,3,67,11:37 AM,02:34 AM,07:17 AM,05:13 PM,5,8,9,8,11,15,75,0.0,1032,15,14,163,8,london
45,2019-02-15,15,8,0.0,8.7,4,75,12:20 PM,03:46 AM,07:15 AM,05:15 PM,7,10,11,10,12,0,76,0.0,1027,15,13,174,10,london
46,2019-02-16,13,8,0.0,3.8,3,82,01:17 PM,04:53 AM,07:13 AM,05:17 PM,8,8,10,8,19,55,88,0.0,1023,13,12,204,12,london
47,2019-02-17,13,8,0.0,7.1,3,90,02:26 PM,05:52 AM,07:11 AM,05:19 PM,7,8,10,8,22,44,81,0.1,1016,13,14,186,15,london
48,2019-02-18,10,9,0.0,5.4,2,97,03:46 PM,06:40 AM,07:09 AM,05:21 PM,6,7,9,7,19,62,80,1.3,1015,10,10,221,14,london
49,2019-02-19,11,6,0.0,7.1,2,100,05:11 PM,07:19 AM,07:07 AM,05:22 PM,3,5,8,5,21,46,73,0.0,1018,11,11,240,15,london
50,2019-02-20,11,8,0.0,3.8,2,88,06:37 PM,07:51 AM,07:05 AM,05:24 PM,5,6,9,6,23,87,77,0.0,1020,11,10,217,16,london
51,2019-02-21,14,8,0.0,8.7,4,80,08:01 PM,08:17 AM,07:03 AM,05:26 PM,8,9,10,9,16,21,85,0.0,1026,14,10,220,11,london
52,2019-02-22,16,10,0.0,8.7,4,73,09:23 PM,08:42 AM,07:01 AM,05:28 PM,8,13,13,13,8,2,75,0.0,1034,16,10,168,7,london
53,2019-02-23,17,9,0.0,8.7,3,65,10:41 PM,09:05 AM,06:59 AM,05:30 PM,9,12,13,12,12,11,77,0.0,1034,17,19,150,9,london
54,2019-02-24,18,10,0.0,8.7,4,57,11:57 PM,09:29 AM,06:57 AM,05:31 PM,5,13,13,13,7,5,61,0.0,1035,18,10,118,6,london
55,2019-02-25,20,9,0.0,8.7,4,50,No moonrise,09:55 AM,06:55 AM,05:33 PM,4,14,14,14,8,3,52,0.0,1036,20,10,126,6,london
56,2019-02-26,20,12,0.0,8.7,5,42,01:10 AM,10:25 AM,06:53 AM,05:35 PM,7,15,15,15,8,0,59,0.0,1033,20,10,119,7,london
57,2019-02-27,18,12,0.0,8.7,5,35,02:17 AM,10:59 AM,06:51 AM,05:37 PM,9,15,15,15,7,1,68,0.0,1026,18,10,207,6,london
58,2019-02-28,13,9,0.0,4.1,3,27,03:19 AM,11:40 AM,06:48 AM,05:39 PM,7,9,11,9,20,71,80,0.9,1016,13,10,244,14,london
59,2019-03-01,11,9,0.0,4.1,3,26,04:13 AM,12:28 PM,06:46 AM,05:40 PM,6,9,10,9,12,92,79,1.0,1018,11,8,276,9,london
60,2019-03-02,14,7,0.0,5.6,3,19,04:59 AM,01:22 PM,06:44 AM,05:42 PM,7,8,10,8,27,83,79,0.5,1011,14,8,219,19,london
61,2019-03-03,12,5,0.0,4.1,3,12,05:37 AM,02:21 PM,06:42 AM,05:44 PM,8,9,11,9,41,98,78,11.7,1000,12,8,227,29,london
62,2019-03-04,9,6,0.0,5.7,2,4,06:09 AM,03:24 PM,06:40 AM,05:46 PM,1,4,8,4,31,80,64,11.7,993,9,9,267,23,london
63,2019-03-05,11,6,0.0,7.2,2,0,06:35 AM,04:28 PM,06:38 AM,05:47 PM,2,5,8,5,28,62,67,2.4,1002,11,10,227,19,london
64,2019-03-06,13,9,0.0,4.2,3,0,06:58 AM,05:34 PM,06:35 AM,05:49 PM,8,8,11,8,37,95,80,14.2,990,13,8,197,26,london
65,2019-03-07,11,6,0.0,5.7,2,3,07:19 AM,06:39 PM,06:33 AM,05:51 PM,2,5,9,5,36,64,64,0.7,992,11,8,259,28,london
66,2019-03-08,10,5,0.0,7.2,2,10,07:38 AM,07:46 PM,06:31 AM,05:53 PM,3,5,8,5,24,62,70,0.2,1011,10,10,253,18,london
67,2019-03-09,12,7,0.0,5.7,3,17,07:57 AM,08:54 PM,06:29 AM,05:54 PM,4,7,10,7,30,62,67,0.2,1012,12,9,259,22,london
68,2019-03-10,11,6,0.0,5.7,2,24,08:16 AM,10:02 PM,06:26 AM,05:56 PM,1,5,8,5,39,70,62,7.1,1009,11,9,243,29,london
69,2019-03-11,10,4,0.0,8.7,2,32,08:38 AM,11:13 PM,06:24 AM,05:58 PM,-3,3,7,3,32,42,50,0.0,1023,10,10,278,23,london
70,2019-03-12,11,6,0.0,4.3,2,39,09:03 AM,No moonset,06:22 AM,05:59 PM,3,5,8,5,45,80,69,8.5,1008,11,7,231,31,london
71,2019-03-13,10,6,0.0,5.9,2,46,09:35 AM,12:23 AM,06:20 AM,06:01 PM,1,4,8,4,43,77,60,0.4,1008,10,10,277,30,london
72,2019-03-14,12,7,0.0,7.3,3,54,10:13 AM,01:34 AM,06:17 AM,06:03 PM,4,7,10,7,40,89,68,1.8,1006,12,8,273,27,london
73,2019-03-15,13,10,0.0,5.9,3,61,11:03 AM,02:40 AM,06:15 AM,06:04 PM,9,10,12,10,42,100,79,5.0,1007,13,7,259,28,london
74,2019-03-16,11,7,0.0,6.0,3,68,12:04 PM,03:40 AM,06:13 AM,06:06 PM,7,8,11,8,47,99,76,5.8,1003,11,7,232,33,london
75,2019-03-17,10,6,0.0,8.8,2,75,01:18 PM,04:31 AM,06:11 AM,06:08 PM,1,5,8,5,29,61,60,3.9,1003,10,16,280,23,london
76,2019-03-18,11,5,0.0,8.8,2,83,02:38 PM,05:13 AM,06:08 AM,06:09 PM,2,6,8,6,18,45,65,0.0,1021,11,18,290,13,london
77,2019-03-19,13,6,0.0,6.0,3,90,04:03 PM,05:47 AM,06:06 AM,06:11 PM,6,9,10,9,11,64,79,0.2,1027,13,10,234,9,london
78,2019-03-20,15,8,0.0,6.0,3,97,05:28 PM,06:15 AM,06:04 AM,06:13 PM,8,10,11,10,12,80,81,0.0,1032,15,10,230,9,london
79,2019-03-21,17,8,0.0,7.4,3,100,06:52 PM,06:40 AM,06:02 AM,06:14 PM,9,12,13,12,8,61,78,0.0,1033,17,10,242,6,london
80,2019-03-22,15,9,0.0,12.6,3,88,08:14 PM,07:04 AM,05:59 AM,06:16 PM,8,11,12,11,14,47,76,0.0,1028,15,10,219,11,london
81,2019-03-23,11,8,0.0,7.9,2,81,09:34 PM,07:28 AM,05:57 AM,06:18 PM,5,8,10,8,13,74,75,0.1,1031,11,10,148,10,london
82,2019-03-24,14,7,0.0,12.7,4,74,10:51 PM,07:54 AM,05:55 AM,06:20 PM,2,9,10,9,12,22,57,0.0,1031,14,10,254,10,london
83,2019-03-25,13,6,0.0,12.7,3,66,No moonrise,08:22 AM,05:53 AM,06:21 PM,1,7,9,7,21,11,59,0.0,1032,13,10,171,16,london
84,2019-03-26,14,6,0.0,12.7,3,59,12:03 AM,08:55 AM,05:50 AM,06:23 PM,3,9,10,9,8,39,62,0.0,1034,14,10,265,7,london
85,2019-03-27,13,7,0.0,10.6,3,52,01:09 AM,09:35 AM,05:48 AM,06:25 PM,5,10,11,10,9,37,67,0.0,1035,13,10,317,7,london
86,2019-03-28,14,8,0.0,9.3,3,45,02:08 AM,10:20 AM,05:46 AM,06:26 PM,5,11,11,11,4,52,66,0.0,1036,14,19,214,4,london
87,2019-03-29,18,9,0.0,12.8,5,37,02:57 AM,11:13 AM,05:44 AM,06:28 PM,7,14,14,14,6,6,64,0.0,1030,18,20,195,6,london
88,2019-03-30,18,9,0.0,11.9,3,30,03:39 AM,12:11 PM,05:41 AM,06:30 PM,7,14,14,14,4,40,63,0.2,1023,18,20,232,3,london
89,2019-03-31,12,8,0.0,10.6,3,26,04:12 AM,01:13 PM,05:39 AM,06:31 PM,5,8,10,8,23,69,69,0.4,1025,12,10,61,18,london
90,2019-04-01,14,6,0.0,13.0,4,9,04:40 AM,02:17 PM,05:37 AM,06:33 PM,4,8,10,8,16,18,66,0.0,1021,14,10,77,13,london
91,2019-04-02,9,7,0.0,9.4,2,1,05:03 AM,03:23 PM,05:35 AM,06:35 PM,3,7,8,7,13,60,70,3.4,1004,9,9,239,11,london
92,2019-04-03,12,4,0.0,13.0,2,0,05:24 AM,04:29 PM,05:32 AM,06:36 PM,-1,7,8,7,6,54,55,0.0,999,12,10,229,5,london
93,2019-04-04,10,5,0.0,8.2,2,0,05:44 AM,05:36 PM,05:30 AM,06:38 PM,1,5,8,5,24,69,63,0.3,996,10,10,160,19,london
94,2019-04-05,13,7,0.0,8.2,3,0,06:02 AM,06:44 PM,05:28 AM,06:40 PM,1,7,10,7,26,70,57,0.5,1002,13,9,125,19,london
95,2019-04-06,11,7,0.0,8.2,2,6,06:21 AM,07:54 PM,05:26 AM,06:41 PM,5,7,9,7,20,68,76,0.1,1005,11,10,65,15,london
96,2019-04-07,17,7,0.0,10.8,3,14,06:42 AM,09:04 PM,05:23 AM,06:43 PM,8,11,12,11,12,57,78,1.4,1007,17,10,72,9,london
97,2019-04-08,17,8,0.0,10.8,3,21,07:07 AM,10:16 PM,05:21 AM,06:45 PM,8,12,12,12,5,72,75,1.4,1010,17,10,261,4,london
98,2019-04-09,13,9,0.0,9.5,3,29,07:36 AM,11:27 PM,05:19 AM,06:46 PM,6,9,11,9,19,93,76,11.2,1013,13,8,49,15,london
99,2019-04-10,12,6,0.0,13.3,3,36,08:11 AM,No moonset,05:17 AM,06:48 PM,1,6,9,6,24,18,59,0.0,1019,12,10,53,19,london
100,2019-04-11,12,4,0.0,13.4,3,44,08:57 AM,12:34 AM,05:14 AM,06:50 PM,0,5,8,5,16,20,59,0.0,1026,12,10,61,13,london
101,2019-04-12,10,5,0.0,10.8,2,52,09:53 AM,01:36 AM,05:12 AM,06:52 PM,-1,6,8,6,13,40,56,0.2,1027,10,10,65,12,london
102,2019-04-13,10,6,0.0,12.1,2,59,11:00 AM,02:28 AM,05:10 AM,06:53 PM,-1,5,8,5,15,35,54,0.5,1027,10,10,71,13,london
103,2019-04-14,10,4,0.0,13.3,2,67,12:16 PM,03:11 AM,05:08 AM,06:55 PM,-2,4,7,4,17,31,55,0.1,1025,10,10,82,14,london
104,2019-04-15,13,6,0.0,13.5,4,74,01:37 PM,03:46 AM,05:06 AM,06:57 PM,2,7,10,7,23,19,58,0.0,1021,13,10,108,17,london
105,2019-04-16,16,9,0.0,10.9,3,82,02:59 PM,04:15 AM,05:03 AM,06:58 PM,8,12,13,12,11,55,72,0.2,1015,16,10,81,8,london
106,2019-04-17,20,9,0.0,12.2,4,89,04:22 PM,04:41 AM,05:01 AM,07:00 PM,7,14,14,14,8,31,65,0.2,1020,20,10,100,6,london
107,2019-04-18,20,11,0.0,11.2,4,97,05:45 PM,05:04 AM,04:59 AM,07:02 PM,8,14,15,14,20,55,64,0.0,1023,20,10,78,15,london
108,2019-04-19,22,12,0.0,12.3,4,100,07:06 PM,05:27 AM,04:57 AM,07:03 PM,7,16,17,16,16,50,57,0.0,1028,22,10,60,12,london
109,2019-04-20,25,12,0.0,14.5,5,88,08:25 PM,05:52 AM,04:55 AM,07:05 PM,9,18,19,18,13,3,55,0.0,1030,25,10,48,11,london
110,2019-04-21,24,15,0.0,14.5,6,81,09:42 PM,06:18 AM,04:53 AM,07:07 PM,8,20,20,20,10,0,49,0.0,1021,24,10,74,9,london
111,2019-04-22,23,14,0.0,14.5,5,73,10:53 PM,06:49 AM,04:51 AM,07:08 PM,7,18,18,18,14,21,48,0.0,1007,23,10,105,11,london
112,2019-04-23,21,15,0.0,14.5,5,65,11:57 PM,07:27 AM,04:49 AM,07:10 PM,8,17,17,17,16,20,54,0.0,998,21,10,75,13,london
113,2019-04-24,18,12,0.0,12.4,3,58,No moonrise,08:10 AM,04:47 AM,07:12 PM,8,13,14,13,18,61,66,0.2,994,18,10,147,15,london
114,2019-04-25,15,11,0.0,10.2,3,50,12:52 AM,09:01 AM,04:45 AM,07:13 PM,5,11,13,11,25,71,62,1.2,999,15,10,174,20,london
115,2019-04-26,16,11,0.0,10.3,3,43,01:37 AM,09:58 AM,04:43 AM,07:15 PM,6,11,13,11,23,48,63,0.1,1009,16,17,208,19,london
116,2019-04-27,12,8,0.0,10.3,3,35,02:14 AM,11:00 AM,04:41 AM,07:17 PM,1,7,10,7,41,86,56,0.9,1010,12,15,259,32,london
117,2019-04-28,13,5,0.0,10.3,3,28,02:43 AM,12:04 PM,04:39 AM,07:19 PM,4,7,10,7,29,73,66,2.7,1019,13,17,279,22,london
118,2019-04-29,18,8,0.0,12.4,3,20,03:09 AM,01:09 PM,04:37 AM,07:20 PM,6,12,13,12,10,48,64,0.5,1023,18,18,73,9,london
119,2019-04-30,21,11,0.0,14.5,5,13,03:30 AM,02:15 PM,04:35 AM,07:22 PM,6,15,16,15,6,9,57,0.0,1024,21,19,107,5,london
120,2019-05-01,18,11,0.0,10.4,3,12,03:50 AM,03:22 PM,04:33 AM,07:23 PM,7,13,14,13,10,66,64,0.6,1018,18,18,256,8,london
121,2019-05-02,17,10,0.0,12.4,3,5,04:08 AM,04:30 PM,04:31 AM,07:25 PM,6,12,13,12,18,66,63,5.8,1014,17,14,309,14,london
122,2019-05-03,16,9,0.0,11.4,3,0,04:26 AM,05:40 PM,04:29 AM,07:27 PM,5,10,11,10,14,62,68,2.9,1014,16,15,175,12,london
123,2019-05-04,11,6,0.0,11.4,2,0,04:47 AM,06:51 PM,04:27 AM,07:28 PM,-1,6,9,6,26,66,51,1.1,1019,11,11,141,21,london
124,2019-05-05,12,5,0.0,13.5,2,2,05:10 AM,08:04 PM,04:25 AM,07:30 PM,-1,7,9,7,15,31,52,0.0,1025,12,12,334,13,london
125,2019-05-06,13,7,0.0,11.5,3,9,05:37 AM,09:17 PM,04:24 AM,07:32 PM,2,8,10,8,13,58,59,0.9,1022,13,12,253,11,london
126,2019-05-07,16,8,0.0,9.4,3,17,06:10 AM,10:28 PM,04:22 AM,07:33 PM,4,11,12,11,12,85,60,1.6,1015,16,12,214,9,london
127,2019-05-08,16,10,0.0,9.5,3,24,06:53 AM,11:33 PM,04:20 AM,07:35 PM,7,11,12,11,27,91,71,21.0,995,16,10,189,20,london
128,2019-05-09,16,10,0.0,10.5,3,31,07:47 AM,No moonset,04:18 AM,07:36 PM,7,11,12,11,21,59,69,3.9,996,16,11,246,16,london
129,2019-05-10,16,9,0.0,10.5,3,39,08:51 AM,12:28 AM,04:17 AM,07:38 PM,5,13,13,13,10,79,61,2.9,1009,16,13,248,8,london
130,2019-05-11,16,9,0.0,11.5,3,46,10:04 AM,01:14 AM,04:15 AM,07:40 PM,5,11,12,11,15,64,63,4.0,1017,16,11,34,12,london
131,2019-05-12,17,10,0.0,11.5,3,53,11:22 AM,01:50 AM,04:14 AM,07:41 PM,5,13,13,13,8,44,59,0.5,1035,17,13,182,7,london
132,2019-05-13,17,10,0.0,14.5,4,60,12:42 PM,02:20 AM,04:12 AM,07:43 PM,3,13,13,13,12,6,49,0.0,1040,17,14,85,10,london
133,2019-05-14,17,10,0.0,14.5,5,68,02:02 PM,02:45 AM,04:10 AM,07:44 PM,4,14,14,14,15,4,51,0.0,1036,17,14,81,13,london
134,2019-05-15,19,12,0.0,14.5,5,75,03:23 PM,03:08 AM,04:09 AM,07:46 PM,6,14,15,14,14,4,56,0.0,1029,19,14,80,12,london
135,2019-05-16,17,11,0.0,14.5,4,82,04:42 PM,03:30 AM,04:08 AM,07:47 PM,5,13,14,13,17,16,56,0.0,1021,17,14,72,14,london
136,2019-05-17,15,10,0.0,9.6,3,89,06:01 PM,03:53 AM,04:06 AM,07:49 PM,8,11,12,11,17,90,76,1.3,1010,15,12,30,14,london
137,2019-05-18,19,12,0.0,10.6,4,97,07:19 PM,04:17 AM,04:05 AM,07:50 PM,8,15,15,15,8,60,64,0.8,1007,19,12,226,7,london
138,2019-05-19,21,13,0.0,11.6,4,100,08:33 PM,04:46 AM,04:03 AM,07:52 PM,10,17,17,17,7,61,64,1.8,1009,21,11,54,6,london
139,2019-05-20,22,14,0.0,10.7,4,89,09:42 PM,05:20 AM,04:02 AM,07:53 PM,9,17,17,17,9,76,62,3.5,1012,22,12,149,7,london
140,2019-05-21,21,13,0.0,14.5,5,81,10:42 PM,06:00 AM,04:01 AM,07:54 PM,9,17,17,17,11,19,59,0.0,1017,21,13,331,10,london
141,2019-05-22,21,12,0.0,14.5,5,74,11:33 PM,06:49 AM,04:00 AM,07:56 PM,4,16,17,16,11,41,43,0.1,1021,21,13,295,9,london
142,2019-05-23,22,13,0.0,13.6,4,67,No moonrise,07:44 AM,03:58 AM,07:57 PM,8,17,18,17,10,41,55,0.2,1019,22,13,259,9,london
143,2019-05-24,22,14,0.0,12.7,4,60,12:13 AM,08:45 AM,03:57 AM,07:58 PM,9,18,19,18,11,37,57,0.6,1018,22,12,331,9,london
144,2019-05-25,22,14,0.0,13.7,4,52,12:46 AM,09:49 AM,03:56 AM,08:00 PM,10,18,19,18,14,42,60,0.0,1018,22,13,318,11,london
145,2019-05-26,22,15,0.0,10.3,4,45,01:13 AM,10:54 AM,03:55 AM,08:01 PM,13,17,18,17,24,67,73,6.7,1014,22,12,268,17,london
146,2019-05-27,19,12,0.0,12.0,4,38,01:35 AM,12:00 PM,03:54 AM,08:02 PM,7,14,15,14,20,50,59,0.5,1012,19,12,281,16,london
147,2019-05-28,19,11,0.0,12.0,4,31,01:55 AM,01:06 PM,03:53 AM,08:03 PM,7,14,15,14,15,69,61,1.6,1012,19,12,225,13,london
148,2019-05-29,19,11,0.0,13.7,4,23,02:13 AM,02:13 PM,03:52 AM,08:04 PM,8,15,15,15,14,49,63,0.1,1018,19,10,192,11,london
149,2019-05-30,19,10,0.0,10.3,4,16,02:32 AM,03:22 PM,03:51 AM,08:06 PM,12,15,16,15,23,85,73,0.1,1021,19,13,255,17,london
150,2019-05-31,20,12,0.0,12.8,4,12,02:51 AM,04:32 PM,03:50 AM,08:07 PM,12,17,18,17,18,42,70,0.0,1024,20,14,240,14,london
151,2019-06-01,25,15,0.0,14.5,6,0,03:12 AM,05:45 PM,03:49 AM,08:08 PM,12,21,21,20,15,9,61,0.0,1021,25,20,211,13,london
152,2019-06-02,24,17,0.0,12.9,5,0,03:37 AM,06:59 PM,03:49 AM,08:09 PM,13,21,22,21,23,56,67,2.0,1011,24,13,206,18,london
153,2019-06-03,20,13,0.0,14.5,5,0,04:08 AM,08:13 PM,03:48 AM,08:10 PM,7,16,16,16,20,26,56,0.0,1012,20,13,240,17,london
154,2019-06-04,20,13,0.0,11.2,4,6,04:47 AM,09:23 PM,03:47 AM,08:11 PM,10,17,17,17,16,54,65,1.7,1008,20,10,180,13,london
155,2019-06-05,20,13,0.0,11.2,4,13,05:38 AM,10:23 PM,03:47 AM,08:12 PM,9,16,16,16,14,76,65,0.2,1005,20,13,233,11,london
156,2019-06-06,19,13,0.0,13.7,4,21,06:39 AM,11:14 PM,03:46 AM,08:13 PM,6,15,16,15,16,33,54,0.0,1010,19,13,224,14,london
157,2019-06-07,17,14,0.0,10.4,4,28,07:52 AM,11:54 PM,03:45 AM,08:14 PM,9,14,15,14,29,82,69,13.7,1001,17,10,134,21,london
158,2019-06-08,18,11,0.0,10.4,4,36,09:10 AM,No moonset,03:45 AM,08:14 PM,7,13,14,13,37,79,64,3.1,1010,18,12,243,28,london
159,2019-06-09,20,11,0.0,12.9,4,44,10:30 AM,12:25 AM,03:44 AM,08:15 PM,6,15,16,15,13,56,56,0.3,1020,20,18,225,11,london
160,2019-06-10,13,4,0.0,10.5,3,51,11:50 AM,12:52 AM,03:44 AM,08:16 PM,9,10,12,10,17,96,79,31.0,1015,13,10,127,12,london
161,2019-06-11,18,12,0.0,10.5,4,59,01:09 PM,01:15 AM,03:44 AM,08:17 PM,9,14,14,14,11,92,72,4.2,1011,18,13,127,8,london
162,2019-06-12,17,13,0.0,11.3,4,66,02:27 PM,01:37 AM,03:43 AM,08:17 PM,10,15,15,15,8,70,74,6.3,1010,17,13,62,6,london
163,2019-06-13,18,12,0.0,12.1,4,74,03:45 PM,01:58 AM,03:43 AM,08:18 PM,9,15,15,15,27,69,68,1.7,1006,18,15,212,22,london
164,2019-06-14,19,13,0.0,12.1,4,81,05:02 PM,02:20 AM,03:43 AM,08:19 PM,10,15,16,15,25,72,69,1.1,1010,19,15,203,20,london
165,2019-06-15,20,13,0.0,11.3,4,89,06:16 PM,02:47 AM,03:43 AM,08:19 PM,9,15,16,15,21,65,66,2.6,1013,20,18,200,16,london
166,2019-06-16,20,12,0.0,10.5,4,96,07:27 PM,03:17 AM,03:43 AM,08:20 PM,10,15,16,15,24,66,68,2.2,1016,20,17,214,19,london
167,2019-06-17,21,13,0.0,12.1,4,100,08:30 PM,03:55 AM,03:43 AM,08:20 PM,9,16,17,16,20,53,63,0.0,1018,21,19,216,16,london
168,2019-06-18,24,14,0.0,12.9,4,89,09:25 PM,04:39 AM,03:43 AM,08:20 PM,11,19,19,19,7,57,63,0.7,1014,24,19,172,6,london
169,2019-06-19,22,16,0.0,11.3,4,81,10:10 PM,05:32 AM,03:43 AM,08:21 PM,13,18,18,18,10,84,76,10.1,1007,22,11,252,8,london
170,2019-06-20,20,14,0.0,12.9,4,73,10:46 PM,06:31 AM,03:43 AM,08:21 PM,9,16,17,16,19,30,61,0.2,1012,20,10,262,16,london
171,2019-06-21,22,13,0.0,14.5,4,66,11:16 PM,07:34 AM,03:43 AM,08:21 PM,8,17,18,17,11,25,53,0.3,1019,22,10,253,10,london
172,2019-06-22,22,15,0.0,13.7,5,58,11:40 PM,08:39 AM,03:43 AM,08:21 PM,9,19,19,19,13,32,53,0.2,1021,22,10,121,11,london
173,2019-06-23,23,16,0.0,12.9,5,51,No moonrise,09:45 AM,03:44 AM,08:22 PM,13,19,20,19,15,45,69,1.1,1017,23,10,87,13,london
174,2019-06-24,24,14,0.0,12.1,5,43,12:00 AM,10:51 AM,03:44 AM,08:22 PM,16,20,22,20,12,57,73,1.8,1016,24,10,168,9,london
175,2019-06-25,21,17,0.0,10.5,5,36,12:19 AM,11:57 AM,03:44 AM,08:22 PM,17,20,21,20,13,90,79,13.7,1019,21,7,55,9,london
176,2019-06-26,22,16,0.0,11.3,4,28,12:37 AM,01:04 PM,03:45 AM,08:22 PM,14,19,19,19,20,73,75,0.1,1027,22,10,41,17,london
177,2019-06-27,22,14,0.0,14.5,5,21,12:55 AM,02:12 PM,03:45 AM,08:22 PM,10,17,18,17,24,2,63,0.0,1029,22,10,65,20,london
178,2019-06-28,22,14,0.0,14.5,5,13,01:15 AM,03:24 PM,03:46 AM,08:21 PM,11,17,18,17,22,20,67,0.0,1024,22,10,80,18,london
179,2019-06-29,32,20,0.0,14.5,7,6,01:38 AM,04:36 PM,03:46 AM,08:21 PM,16,27,27,26,14,4,59,0.0,1016,32,10,138,12,london
180,2019-06-30,23,19,0.0,13.7,5,0,02:05 AM,05:51 PM,03:47 AM,08:21 PM,13,21,22,21,20,19,60,0.1,1016,23,10,267,17,london
181,2019-07-01,20,15,0.0,13.7,4,0,02:40 AM,07:04 PM,03:47 AM,08:21 PM,10,18,18,18,21,48,61,0.1,1019,20,10,292,18,london
182,2019-07-02,22,14,0.0,12.9,4,0,03:25 AM,08:10 PM,03:48 AM,08:20 PM,9,18,19,18,13,43,56,0.1,1025,22,10,182,12,london
183,2019-07-03,21,15,0.0,12.1,4,2,04:23 AM,09:07 PM,03:49 AM,08:20 PM,10,18,18,18,11,47,57,0.2,1026,21,10,89,10,london
184,2019-07-04,30,17,0.0,14.5,6,9,05:33 AM,09:52 PM,03:50 AM,08:20 PM,11,23,23,22,7,15,52,0.0,1025,30,10,165,6,london
185,2019-07-05,28,18,0.0,14.5,6,16,06:52 AM,10:28 PM,03:50 AM,08:19 PM,12,23,23,23,11,12,50,0.0,1019,28,10,309,10,london
186,2019-07-06,24,18,0.0,12.1,5,24,08:14 AM,10:57 PM,03:51 AM,08:19 PM,14,21,22,21,11,55,65,1.1,1014,24,9,249,9,london
187,2019-07-07,20,15,0.0,10.4,4,31,09:37 AM,11:21 PM,03:52 AM,08:18 PM,10,17,17,17,11,94,62,2.1,1017,20,8,95,9,london
188,2019-07-08,23,15,0.0,10.4,4,38,10:58 AM,11:43 PM,03:53 AM,08:17 PM,8,19,19,19,6,80,52,0.3,1021,23,10,173,5,london
189,2019-07-09,22,15,0.0,10.4,4,45,12:17 PM,No moonset,03:54 AM,08:17 PM,11,18,18,18,12,96,65,0.1,1021,22,10,202,10,london
190,2019-07-10,24,18,0.0,11.2,5,53,01:34 PM,12:04 AM,03:55 AM,08:16 PM,14,22,22,21,15,74,65,0.7,1018,24,10,241,12,london
191,2019-07-11,27,18,0.0,12.8,5,60,02:50 PM,12:26 AM,03:56 AM,08:15 PM,12,22,22,21,14,52,57,0.6,1013,27,10,271,12,london
192,2019-07-12,24,18,0.0,10.4,5,67,04:04 PM,12:51 AM,03:57 AM,08:14 PM,13,22,22,21,18,76,61,1.2,1014,24,9,307,15,london
193,2019-07-13,23,17,0.0,11.2,5,74,05:16 PM,01:19 AM,03:58 AM,08:13 PM,13,20,21,20,12,57,66,1.3,1021,23,10,222,10,london
194,2019-07-14,22,16,0.0,12.0,4,82,06:21 PM,01:53 AM,03:59 AM,08:13 PM,12,19,19,19,14,61,64,0.8,1023,22,10,43,12,london
195,2019-07-15,22,13,0.0,12.7,4,89,07:19 PM,02:34 AM,04:00 AM,08:12 PM,10,17,17,17,12,54,65,0.0,1022,22,10,33,10,london
196,2019-07-16,30,17,0.0,14.5,6,96,08:07 PM,03:24 AM,04:02 AM,08:11 PM,11,23,23,23,7,20,53,0.1,1019,30,10,221,6,london
197,2019-07-17,25,19,0.0,14.5,6,100,08:46 PM,04:20 AM,04:03 AM,08:10 PM,12,22,22,22,12,40,56,0.1,1014,25,10,222,10,london
198,2019-07-18,23,18,0.0,10.9,5,89,09:18 PM,05:22 AM,04:04 AM,08:08 PM,12,20,21,20,17,73,63,2.3,1011,23,9,256,14,london
199,2019-07-19,19,16,0.0,10.9,4,82,09:44 PM,06:26 AM,04:05 AM,08:07 PM,13,18,18,18,20,69,75,9.1,1011,19,9,221,15,london
200,2019-07-20,24,18,0.0,10.0,5,75,10:05 PM,07:33 AM,04:06 AM,08:06 PM,14,20,21,20,25,89,69,6.4,1009,24,10,241,19,london
201,2019-07-21,22,16,0.0,11.8,5,67,10:24 PM,08:38 AM,04:08 AM,08:05 PM,12,19,20,19,16,43,65,0.1,1020,22,10,237,13,london
202,2019-07-22,27,17,0.0,14.5,6,60,10:42 PM,09:44 AM,04:09 AM,08:04 PM,16,23,23,22,18,39,68,0.0,1022,27,10,229,15,london
203,2019-07-23,33,23,0.0,14.5,7,53,11:00 PM,10:50 AM,04:10 AM,08:02 PM,16,28,28,27,12,3,53,0.0,1018,33,10,149,10,london
204,2019-07-24,31,24,0.0,12.7,6,46,11:19 PM,11:57 AM,04:12 AM,08:01 PM,15,28,28,27,17,46,50,9.8,1013,31,9,201,13,london
205,2019-07-25,36,23,0.0,13.6,7,38,11:39 PM,01:05 PM,04:13 AM,08:00 PM,15,31,31,30,15,21,42,0.5,1011,36,10,160,13,london
206,2019-07-26,28,22,0.0,10.6,5,31,No moonrise,02:15 PM,04:15 AM,07:58 PM,16,26,26,25,14,74,58,7.4,1010,28,8,261,11,london
207,2019-07-27,20,18,0.0,9.6,4,24,12:03 AM,03:28 PM,04:16 AM,07:57 PM,14,19,20,19,16,87,72,12.3,1006,20,8,315,13,london
208,2019-07-28,21,13,0.0,11.6,4,16,12:34 AM,04:41 PM,04:17 AM,07:55 PM,12,17,18,17,20,52,65,0.1,1006,21,10,290,16,london
209,2019-07-29,25,16,0.0,14.5,6,9,01:13 AM,05:50 PM,04:19 AM,07:54 PM,11,22,22,21,16,21,55,0.0,1009,25,10,197,13,london
210,2019-07-30,20,12,0.0,9.6,4,2,02:04 AM,06:52 PM,04:20 AM,07:52 PM,13,18,19,18,35,78,68,6.1,1006,20,10,182,25,london
211,2019-07-31,23,16,0.0,9.6,5,0,03:09 AM,07:43 PM,04:22 AM,07:51 PM,12,19,20,19,28,85,63,2.5,1012,23,10,251,22,london
212,2019-08-01,25,16,0.0,12.5,5,0,04:25 AM,08:24 PM,04:23 AM,07:49 PM,13,20,21,20,14,43,65,0.0,1017,25,10,301,11,london
213,2019-08-02,25,17,0.0,11.5,5,5,05:49 AM,08:56 PM,04:25 AM,07:48 PM,13,22,22,21,12,50,62,0.7,1019,25,10,104,10,london
214,2019-08-03,25,18,0.0,12.5,5,12,07:14 AM,09:24 PM,04:26 AM,07:46 PM,13,22,22,21,9,47,61,0.0,1019,25,10,122,7,london
215,2019-08-04,24,18,0.0,13.5,5,20,08:39 AM,09:47 PM,04:28 AM,07:44 PM,13,22,22,21,15,38,62,0.1,1014,24,10,165,13,london
216,2019-08-05,25,17,0.0,10.5,5,27,10:01 AM,10:09 PM,04:29 AM,07:43 PM,13,21,21,21,20,64,63,0.8,1010,25,10,236,17,london
217,2019-08-06,23,17,0.0,11.5,5,34,11:22 AM,10:31 PM,04:31 AM,07:41 PM,12,20,21,20,23,65,63,1.3,1008,23,10,229,19,london
218,2019-08-07,24,16,0.0,12.5,5,42,12:39 PM,10:55 PM,04:32 AM,07:39 PM,12,19,20,19,24,45,62,3.3,1006,24,10,246,18,london
219,2019-08-08,24,16,0.0,13.5,5,49,01:55 PM,11:23 PM,04:34 AM,07:37 PM,13,20,21,20,14,43,63,0.6,1010,24,9,216,12,london
220,2019-08-09,24,19,0.0,10.4,5,56,03:08 PM,11:55 PM,04:36 AM,07:35 PM,14,22,22,21,31,78,65,8.8,1002,24,10,185,24,london
221,2019-08-10,22,18,0.0,9.4,5,63,04:14 PM,No moonset,04:37 AM,07:34 PM,12,19,20,19,42,89,61,1.0,1004,22,10,228,34,london
222,2019-08-11,22,16,0.0,11.4,5,71,05:14 PM,12:33 AM,04:39 AM,07:32 PM,11,19,19,19,30,47,60,0.3,1011,22,10,230,23,london
223,2019-08-12,21,15,0.0,10.4,4,78,06:04 PM,01:20 AM,04:40 AM,07:30 PM,9,18,18,18,14,66,58,8.0,1014,21,9,311,10,london
224,2019-08-13,21,14,0.0,14.5,5,85,06:46 PM,02:13 AM,04:42 AM,07:28 PM,7,17,18,17,16,33,53,0.1,1017,21,10,270,14,london
225,2019-08-14,17,9,0.0,9.3,4,92,07:20 PM,03:13 AM,04:44 AM,07:26 PM,13,15,15,15,21,83,80,12.2,1013,17,9,213,15,london
226,2019-08-15,22,16,0.0,12.4,4,100,07:47 PM,04:17 AM,04:45 AM,07:24 PM,11,19,19,19,25,52,63,0.3,1012,22,10,277,19,london
227,2019-08-16,19,13,0.0,10.3,4,100,08:10 PM,05:23 AM,04:47 AM,07:22 PM,13,17,17,17,26,71,74,7.0,1011,19,8,213,20,london
228,2019-08-17,23,16,0.0,12.4,4,86,08:30 PM,06:28 AM,04:48 AM,07:20 PM,12,19,20,19,26,58,65,5.7,1005,23,10,239,20,london
229,2019-08-18,21,17,0.0,11.3,4,78,08:48 PM,07:34 AM,04:50 AM,07:18 PM,10,18,18,18,23,61,61,1.0,1005,21,10,239,18,london
230,2019-08-19,21,14,0.0,13.4,4,71,09:06 PM,08:39 AM,04:52 AM,07:16 PM,9,17,18,17,25,38,60,0.6,1013,21,10,247,20,london
231,2019-08-20,22,14,0.0,14.5,5,64,09:24 PM,09:46 AM,04:53 AM,07:14 PM,8,18,18,18,16,7,56,0.0,1022,22,10,265,14,london
232,2019-08-21,22,16,0.0,14.5,5,57,09:43 PM,10:53 AM,04:55 AM,07:12 PM,10,19,19,19,13,23,59,0.0,1026,22,10,228,11,london
233,2019-08-22,23,15,0.0,13.4,5,49,10:05 PM,12:01 PM,04:56 AM,07:09 PM,11,19,20,19,15,28,60,0.0,1024,23,10,234,13,london
234,2019-08-23,27,17,0.0,14.5,6,42,10:31 PM,01:11 PM,04:58 AM,07:07 PM,14,22,22,22,6,26,62,0.0,1024,27,10,214,5,london
235,2019-08-24,28,20,0.0,13.4,5,35,11:06 PM,02:22 PM,05:00 AM,07:05 PM,13,25,25,24,11,22,51,0.0,1019,28,10,109,9,london
236,2019-08-25,29,21,0.0,14.0,7,28,11:50 PM,03:31 PM,05:01 AM,07:03 PM,13,25,25,25,13,21,50,0.0,1015,29,10,166,11,london
237,2019-08-26,28,18,0.0,14.0,6,20,No moonrise,04:35 PM,05:03 AM,07:01 PM,14,24,24,23,11,13,60,0.0,1019,28,10,281,10,london
238,2019-08-27,30,21,0.0,13.6,7,13,12:46 AM,05:31 PM,05:04 AM,06:59 PM,17,26,26,25,8,11,61,0.0,1019,30,10,236,7,london
239,2019-08-28,28,22,0.0,13.5,7,6,01:56 AM,06:16 PM,05:06 AM,06:56 PM,13,26,26,25,6,29,50,0.0,1013,28,10,172,5,london
240,2019-08-29,23,15,0.0,13.3,5,0,03:17 AM,06:52 PM,05:08 AM,06:54 PM,10,20,21,20,15,44,53,0.5,1018,23,10,253,13,london
241,2019-08-30,20,0,0.0,10.8,3,0,04:42 AM,07:22 PM,05:09 AM,06:52 PM,10,19,19,19,12,76,58,0.1,1011,20,10,330,10,london
242,2019-08-31,24,17,0.0,13.3,5,0,06:09 AM,07:48 PM,05:11 AM,06:50 PM,11,19,20,19,18,26,62,0.0,1012,24,10,232,15,london
243,2019-09-01,20,15,0.0,13.3,4,9,07:36 AM,08:10 PM,05:13 AM,06:47 PM,7,17,17,17,16,34,52,0.0,1017,20,10,296,14,london
244,2019-09-02,22,14,0.0,12.0,4,16,09:00 AM,08:33 PM,05:14 AM,06:45 PM,9,17,18,17,16,30,57,0.0,1023,22,10,266,14,london
245,2019-09-03,21,15,0.0,10.8,4,24,10:21 AM,08:57 PM,05:16 AM,06:43 PM,11,18,18,18,20,62,63,0.0,1022,21,10,258,16,london
246,2019-09-04,19,15,0.0,10.8,4,32,11:41 AM,09:24 PM,05:17 AM,06:41 PM,9,17,17,17,27,67,62,5.2,1016,19,10,265,22,london
247,2019-09-05,17,11,0.0,10.7,4,39,12:57 PM,09:55 PM,05:19 AM,06:38 PM,5,13,15,13,22,56,54,0.2,1024,17,10,316,18,london
248,2019-09-06,17,10,0.0,8.2,3,47,02:07 PM,10:31 PM,05:21 AM,06:36 PM,10,14,15,14,20,72,69,0.6,1022,17,10,263,16,london
249,2019-09-07,19,12,0.0,9.5,4,54,03:10 PM,11:16 PM,05:22 AM,06:34 PM,7,14,15,14,17,69,61,0.7,1023,19,10,209,14,london
250,2019-09-08,20,11,0.0,13.1,5,62,04:03 PM,No moonset,05:24 AM,06:32 PM,5,15,15,15,11,13,52,0.0,1023,20,10,254,9,london
251,2019-09-09,15,8,0.0,8.2,3,69,04:47 PM,12:07 AM,05:25 AM,06:29 PM,10,12,14,12,12,93,75,4.0,1015,15,9,238,10,london
252,2019-09-10,20,13,0.0,12.0,4,77,05:23 PM,01:06 AM,05:27 AM,06:27 PM,10,16,16,16,6,57,69,0.7,1018,20,9,168,5,london
253,2019-09-11,19,10,0.0,9.4,4,84,05:52 PM,02:08 AM,05:29 AM,06:25 PM,11,15,16,15,22,67,71,0.1,1020,19,10,249,17,london
254,2019-09-12,23,15,0.0,10.6,4,92,06:15 PM,03:13 AM,05:30 AM,06:22 PM,13,19,19,19,17,62,71,0.3,1026,23,9,247,14,london
255,2019-09-13,21,16,0.0,11.9,4,99,06:36 PM,04:19 AM,05:32 AM,06:20 PM,11,18,18,18,15,50,63,0.0,1033,21,10,139,13,london
256,2019-09-14,27,14,0.0,12.9,6,100,06:54 PM,05:26 AM,05:33 AM,06:18 PM,12,20,20,20,8,9,62,0.0,1032,27,10,97,7,london
257,2019-09-15,25,17,0.0,12.8,6,85,07:12 PM,06:31 AM,05:35 AM,06:16 PM,12,21,23,21,9,10,55,0.0,1025,25,10,271,8,london
258,2019-09-16,20,17,0.0,8.0,4,78,07:29 PM,07:38 AM,05:37 AM,06:13 PM,13,18,18,18,12,90,74,0.1,1021,20,10,186,9,london
259,2019-09-17,20,14,0.0,12.7,5,70,07:48 PM,08:44 AM,05:38 AM,06:11 PM,7,17,17,17,11,5,55,0.0,1025,20,10,26,10,london
260,2019-09-18,19,11,0.0,12.7,5,63,08:08 PM,09:52 AM,05:40 AM,06:09 PM,5,15,15,15,12,9,53,0.0,1030,19,10,45,10,london
261,2019-09-19,22,14,0.0,12.7,5,55,08:33 PM,11:01 AM,05:41 AM,06:06 PM,9,18,18,18,7,11,57,0.0,1030,22,10,173,6,london
262,2019-09-20,20,11,0.0,12.6,5,48,09:03 PM,12:10 PM,05:43 AM,06:04 PM,8,17,17,17,19,0,57,0.0,1025,20,10,100,15,london
263,2019-09-21,24,14,0.0,12.6,6,40,09:42 PM,01:19 PM,05:45 AM,06:02 PM,9,19,20,19,19,2,50,0.0,1012,24,10,113,15,london
264,2019-09-22,20,16,0.0,9.2,4,33,10:31 PM,02:23 PM,05:46 AM,06:00 PM,13,18,18,18,22,68,70,2.0,1004,20,9,176,15,london
265,2019-09-23,20,14,0.0,10.2,4,25,11:34 PM,03:21 PM,05:48 AM,05:57 PM,11,16,17,16,21,55,70,1.6,1010,20,9,218,17,london
266,2019-09-24,20,16,0.0,6.0,4,18,No moonrise,04:08 PM,05:49 AM,05:55 PM,13,17,17,17,31,91,77,28.0,1003,20,8,206,20,london
267,2019-09-25,19,15,0.0,6.0,4,10,12:47 AM,04:47 PM,05:51 AM,05:53 PM,12,16,16,16,28,88,78,14.9,1000,19,8,241,20,london
268,2019-09-26,19,15,0.0,6.0,4,2,02:09 AM,05:20 PM,05:52 AM,05:51 PM,12,17,17,17,27,81,72,0.7,1004,19,9,233,20,london
269,2019-09-27,17,14,0.0,8.8,4,0,03:35 AM,05:46 PM,05:54 AM,05:48 PM,9,15,15,15,32,58,68,3.2,1005,17,10,235,23,london
270,2019-09-28,18,13,0.0,6.0,4,0,05:02 AM,06:10 PM,05:56 AM,05:46 PM,9,15,16,15,29,91,68,0.5,1009,18,10,240,22,london
271,2019-09-29,18,15,0.0,5.9,4,0,06:28 AM,06:33 PM,05:57 AM,05:44 PM,14,17,17,17,34,100,81,33.6,998,18,8,238,24,london
272,2019-09-30,18,10,0.0,10.2,4,5,07:54 AM,06:56 PM,05:59 AM,05:41 PM,11,14,15,14,18,59,75,0.4,1008,18,9,228,13,london
273,2019-10-01,20,13,0.0,7.2,4,12,09:17 AM,07:22 PM,06:00 AM,05:39 PM,12,17,17,17,23,76,74,27.3,1000,20,8,183,16,london
274,2019-10-02,13,7,0.0,8.7,4,19,10:37 AM,07:51 PM,06:02 AM,05:37 PM,3,9,11,9,19,19,55,1.3,1017,13,10,259,16,london
275,2019-10-03,15,9,0.0,8.7,3,27,11:53 AM,08:26 PM,06:04 AM,05:35 PM,4,11,12,11,12,42,58,1.1,1019,15,10,206,10,london
276,2019-10-04,16,12,0.0,5.7,3,34,01:01 PM,09:09 PM,06:05 AM,05:32 PM,8,13,14,13,24,84,68,2.8,1008,16,9,272,18,london
277,2019-10-05,16,12,0.0,4.2,3,41,02:00 PM,09:59 PM,06:07 AM,05:30 PM,9,13,14,13,12,86,74,0.4,1013,16,9,93,9,london
278,2019-10-06,16,13,0.0,5.7,3,48,02:48 PM,10:56 PM,06:09 AM,05:28 PM,10,13,14,13,24,74,75,25.6,1012,16,9,201,18,london
279,2019-10-07,13,6,0.0,5.7,3,56,03:26 PM,11:58 PM,06:10 AM,05:26 PM,10,11,13,11,16,69,80,1.5,1015,13,10,248,11,london
280,2019-10-08,16,12,0.0,7.2,3,63,03:57 PM,No moonset,06:12 AM,05:23 PM,8,13,14,13,25,36,69,3.4,1009,16,10,251,19,london
281,2019-10-09,15,11,0.0,5.7,3,70,04:21 PM,01:03 AM,06:13 AM,05:21 PM,7,10,12,10,26,85,68,1.4,1006,15,9,250,19,london
282,2019-10-10,15,10,0.0,7.2,3,77,04:42 PM,02:09 AM,06:15 AM,05:19 PM,7,11,13,11,30,44,66,0.0,1012,15,10,253,21,london
283,2019-10-11,18,15,0.0,4.1,4,85,05:01 PM,03:16 AM,06:17 AM,05:17 PM,11,16,16,16,34,80,74,2.9,1011,18,9,229,24,london
284,2019-10-12,13,11,0.0,4.1,3,92,05:19 PM,04:21 AM,06:18 AM,05:15 PM,9,11,12,11,12,85,80,9.8,1008,13,9,211,10,london
285,2019-10-13,16,13,0.0,4.1,4,99,05:36 PM,05:28 AM,06:20 AM,05:12 PM,11,14,14,14,23,83,82,14.1,1004,16,8,170,16,london
286,2019-10-14,14,5,0.0,4.1,3,100,05:54 PM,06:35 AM,06:22 AM,05:10 PM,11,11,12,11,14,83,87,22.3,1007,14,9,128,10,london
287,2019-10-15,17,12,0.0,4.1,3,86,06:13 PM,07:44 AM,06:24 AM,05:08 PM,10,13,14,13,14,69,79,2.5,1003,17,10,230,11,london
288,2019-10-16,15,6,0.0,4.1,3,79,06:36 PM,08:53 AM,06:25 AM,05:06 PM,9,12,13,12,20,61,74,1.5,1003,15,9,228,15,london
289,2019-10-17,15,10,0.0,4.0,3,72,07:04 PM,10:03 AM,06:27 AM,05:04 PM,7,12,13,12,19,51,68,1.1,1007,15,10,205,14,london
290,2019-10-18,15,11,0.0,5.6,3,64,07:40 PM,11:13 AM,06:29 AM,05:02 PM,6,11,13,11,32,65,66,8.0,1001,15,10,218,24,london
291,2019-10-19,15,12,0.0,8.7,4,57,08:24 PM,12:18 PM,06:30 AM,04:59 PM,7,11,13,11,22,30,68,0.0,1000,15,10,224,16,london
292,2019-10-20,12,9,0.0,3.8,3,50,09:21 PM,01:17 PM,06:32 AM,04:57 PM,6,9,11,9,20,70,75,0.3,1009,12,10,122,15,london
293,2019-10-21,13,10,0.0,3.8,3,43,10:29 PM,02:06 PM,06:34 AM,04:55 PM,7,9,11,9,23,89,76,1.2,1017,13,10,141,17,london
294,2019-10-22,17,10,0.0,8.7,4,35,11:46 PM,02:47 PM,06:36 AM,04:53 PM,7,13,13,13,5,37,68,0.0,1023,17,10,240,4,london
295,2019-10-23,15,11,0.0,3.8,3,28,No moonrise,03:20 PM,06:37 AM,04:51 PM,10,12,13,12,11,74,81,0.7,1014,15,9,101,8,london
296,2019-10-24,16,12,0.0,7.1,3,21,01:07 AM,03:47 PM,06:39 AM,04:49 PM,11,13,14,13,10,48,83,0.0,1008,16,8,244,8,london
297,2019-10-25,14,4,0.0,3.8,3,13,02:31 AM,04:11 PM,06:41 AM,04:47 PM,10,10,12,10,30,66,80,0.6,1012,14,8,218,20,london
298,2019-10-26,16,11,0.0,3.8,4,6,03:56 AM,04:33 PM,06:43 AM,04:45 PM,11,15,16,15,40,97,77,1.0,1007,16,10,236,28,london
299,2019-10-27,13,8,0.0,7.0,3,0,05:21 AM,04:55 PM,06:44 AM,04:43 PM,3,9,10,9,14,22,59,0.0,1022,13,10,322,12,london
300,2019-10-28,11,8,0.0,8.7,3,0,06:45 AM,05:19 PM,06:46 AM,04:41 PM,4,8,9,8,11,13,71,0.0,1025,11,10,60,9,london
301,2019-10-29,12,8,0.0,7.0,3,1,08:09 AM,05:47 PM,06:48 AM,04:39 PM,3,7,10,7,21,47,64,0.3,1027,12,10,56,16,london
302,2019-10-30,12,9,0.0,7.0,3,8,09:30 AM,06:19 PM,06:50 AM,04:37 PM,4,8,10,8,19,47,66,0.0,1025,12,10,89,14,london
303,2019-10-31,11,9,0.0,7.0,3,12,10:44 AM,06:59 PM,06:52 AM,04:36 PM,5,8,10,8,17,48,72,0.0,1019,11,10,105,12,london
304,2019-11-01,16,10,0.0,3.7,3,24,11:50 AM,07:47 PM,06:53 AM,04:34 PM,11,13,14,13,19,97,88,4.4,1001,16,6,189,13,london
305,2019-11-02,13,6,0.0,5.3,3,31,12:43 PM,08:43 PM,06:55 AM,04:32 PM,5,9,12,9,38,78,65,3.2,985,13,10,225,29,london
306,2019-11-03,13,9,0.0,3.6,3,39,01:27 PM,09:45 PM,06:57 AM,04:30 PM,6,8,10,8,23,83,73,7.0,981,13,9,233,18,london
307,2019-11-04,13,9,0.0,7.0,3,46,02:00 PM,10:50 PM,06:59 AM,04:28 PM,6,9,11,9,16,58,73,4.9,983,13,9,199,12,london
308,2019-11-05,11,8,0.0,5.2,2,54,02:27 PM,11:56 PM,07:00 AM,04:27 PM,6,8,10,8,17,71,80,0.3,996,11,9,150,13,london
309,2019-11-06,10,7,0.0,7.0,3,61,02:49 PM,No moonset,07:02 AM,04:25 PM,3,7,8,7,15,59,71,0.1,1005,10,10,225,11,london
310,2019-11-07,10,7,0.0,8.7,2,69,03:08 PM,01:03 AM,07:04 AM,04:23 PM,3,6,9,6,19,42,68,8.1,995,10,9,213,15,london
311,2019-11-08,10,6,0.0,6.9,2,76,03:26 PM,02:09 AM,07:06 AM,04:22 PM,4,7,8,7,9,35,75,0.2,1004,10,10,100,7,london
312,2019-11-09,7,1,0.0,5.2,2,84,03:42 PM,03:16 AM,07:08 AM,04:20 PM,2,4,6,4,16,65,75,2.1,1006,7,9,212,13,london
313,2019-11-10,10,7,0.0,6.9,2,91,03:59 PM,04:23 AM,07:09 AM,04:19 PM,3,6,8,6,13,60,73,10.8,1011,10,9,49,10,london
314,2019-11-11,9,6,0.0,3.4,2,99,04:18 PM,05:31 AM,07:11 AM,04:17 PM,2,4,8,4,27,84,70,0.9,1003,9,9,250,20,london
315,2019-11-12,8,1,0.0,6.9,2,100,04:40 PM,06:41 AM,07:13 AM,04:16 PM,1,2,6,2,31,52,68,1.5,1001,8,9,268,22,london
316,2019-11-13,8,2,0.0,5.1,2,86,05:06 PM,07:53 AM,07:15 AM,04:14 PM,3,4,6,4,16,58,75,0.6,998,8,9,227,12,london
317,2019-11-14,9,6,0.0,8.7,2,78,05:39 PM,09:04 AM,07:16 AM,04:13 PM,3,6,7,6,9,45,73,6.1,994,9,9,171,7,london
318,2019-11-15,9,2,0.0,3.3,2,71,06:21 PM,10:12 AM,07:18 AM,04:11 PM,4,4,7,4,30,91,77,6.0,1005,9,9,21,21,london
319,2019-11-16,9,6,0.0,6.9,2,63,07:15 PM,11:14 AM,07:20 AM,04:10 PM,3,6,7,6,7,60,73,1.0,1006,9,10,114,6,london
320,2019-11-17,8,5,0.0,3.3,2,56,08:19 PM,12:07 PM,07:22 AM,04:09 PM,3,6,7,6,7,81,78,0.6,1012,8,10,257,5,london
321,2019-11-18,8,-2,0.0,6.9,2,48,09:32 PM,12:50 PM,07:23 AM,04:07 PM,4,4,6,4,16,41,79,0.2,1014,8,8,263,12,london
322,2019-11-19,9,0,0.0,6.9,2,41,10:51 PM,01:24 PM,07:25 AM,04:06 PM,2,5,7,5,10,36,70,0.1,1014,9,10,201,8,london
323,2019-11-20,7,5,0.0,6.9,2,33,No moonrise,01:52 PM,07:27 AM,04:05 PM,1,3,6,3,20,40,72,0.0,1013,7,10,136,14,london
324,2019-11-21,9,5,0.0,3.3,2,26,12:11 AM,02:15 PM,07:28 AM,04:04 PM,4,4,7,4,24,92,83,2.4,1003,9,7,137,16,london
325,2019-11-22,10,8,0.0,3.3,2,18,01:33 AM,02:37 PM,07:30 AM,04:03 PM,6,7,9,7,23,91,81,7.1,997,10,10,141,15,london
326,2019-11-23,10,3,0.0,3.3,2,10,02:55 AM,02:58 PM,07:32 AM,04:02 PM,7,7,10,7,24,92,83,5.3,994,10,7,109,16,london
327,2019-11-24,11,7,0.0,5.1,2,3,04:17 AM,03:20 PM,07:33 AM,04:01 PM,8,9,9,9,8,64,89,0.2,1003,11,9,138,5,london
328,2019-11-25,12,10,0.0,3.2,3,0,05:41 AM,03:45 PM,07:35 AM,04:00 PM,9,9,11,9,20,88,91,8.0,1002,12,6,170,13,london
329,2019-11-26,13,9,0.0,3.1,3,0,07:02 AM,04:13 PM,07:36 AM,03:59 PM,8,9,11,9,19,87,87,9.7,996,13,6,187,12,london
330,2019-11-27,11,9,0.0,3.1,3,0,08:20 AM,04:49 PM,07:38 AM,03:58 PM,7,7,10,7,38,100,78,12.3,981,11,7,216,27,london
331,2019-11-28,10,8,0.0,3.1,2,4,09:32 AM,05:34 PM,07:39 AM,03:57 PM,7,7,9,7,18,91,83,0.4,996,10,10,279,13,london
332,2019-11-29,9,2,0.0,6.8,2,12,10:32 AM,06:27 PM,07:41 AM,03:57 PM,1,5,7,5,14,52,67,3.2,1013,9,8,13,11,london
333,2019-11-30,9,4,0.0,8.1,3,20,11:22 AM,07:28 PM,07:42 AM,03:56 PM,2,4,6,4,14,22,76,0.0,1021,9,10,90,10,london
334,2019-12-01,7,5,0.0,6.8,2,26,12:00 PM,08:33 PM,07:44 AM,03:55 PM,1,3,6,3,23,37,71,0.0,1023,7,10,34,16,london
335,2019-12-02,7,-1,0.0,8.1,2,33,12:30 PM,09:40 PM,07:45 AM,03:55 PM,1,2,5,2,10,16,75,0.0,1031,7,10,323,8,london
336,2019-12-03,8,4,0.0,8.1,3,41,12:54 PM,10:47 PM,07:46 AM,03:54 PM,3,5,6,5,7,11,82,0.0,1028,8,10,219,5,london
337,2019-12-04,10,5,0.0,8.1,3,48,01:14 PM,11:54 PM,07:48 AM,03:53 PM,4,6,7,6,5,10,86,0.0,1021,10,10,213,3,london
338,2019-12-05,8,2,0.0,8.0,2,55,01:32 PM,No moonset,07:49 AM,03:53 PM,3,3,5,3,20,44,85,0.0,1020,8,10,236,13,london
339,2019-12-06,12,9,0.0,3.0,3,62,01:49 PM,01:00 AM,07:50 AM,03:53 PM,8,8,11,8,37,83,83,2.5,1007,12,8,243,23,london
340,2019-12-07,10,7,0.0,6.8,2,70,02:05 PM,02:07 AM,07:51 AM,03:52 PM,6,6,8,6,23,44,82,0.0,1012,10,10,247,15,london
341,2019-12-08,12,8,0.0,4.9,2,77,02:23 PM,03:15 AM,07:52 AM,03:52 PM,5,6,9,6,42,85,74,5.4,1000,12,10,240,29,london
342,2019-12-09,8,6,0.0,6.8,2,84,02:43 PM,04:24 AM,07:54 AM,03:52 PM,0,3,7,3,39,49,62,1.9,1007,8,10,294,28,london
343,2019-12-10,9,-1,0.0,3.0,2,92,03:07 PM,05:35 AM,07:55 AM,03:52 PM,4,3,7,3,32,64,80,7.6,1016,9,9,215,21,london
344,2019-12-11,8,0,0.0,6.8,2,99,03:37 PM,06:47 AM,07:56 AM,03:51 PM,2,4,6,4,22,39,71,5.0,1005,8,10,241,16,london
345,2019-12-12,7,-3,0.0,3.0,2,100,04:16 PM,07:59 AM,07:57 AM,03:51 PM,2,1,5,1,28,64,77,8.3,991,7,9,209,20,london
346,2019-12-13,7,6,0.0,3.0,2,87,05:06 PM,09:06 AM,07:58 AM,03:51 PM,2,3,7,3,34,89,74,9.8,981,7,9,268,25,london
347,2019-12-14,7,0,0.0,7.9,3,79,06:08 PM,10:03 AM,07:59 AM,03:51 PM,1,3,6,3,33,55,71,3.2,989,7,10,237,23,london
348,2019-12-15,8,3,0.0,3.0,2,72,07:21 PM,10:50 AM,07:59 AM,03:51 PM,1,3,7,3,35,68,64,3.1,995,8,10,228,24,london
349,2019-12-16,9,8,0.0,2.8,2,65,08:39 PM,11:28 AM,08:00 AM,03:52 PM,4,6,8,6,16,100,78,2.1,998,9,9,198,10,london
350,2019-12-17,7,0,0.0,6.7,2,58,10:00 PM,11:57 AM,08:01 AM,03:52 PM,3,5,6,5,6,54,78,0.0,1003,7,10,262,4,london
351,2019-12-18,8,2,0.0,7.5,2,50,11:21 PM,12:22 PM,08:02 AM,03:52 PM,5,5,7,5,18,42,88,0.0,1009,8,10,159,11,london
352,2019-12-19,12,3,0.0,2.8,3,43,No moonrise,12:43 PM,08:02 AM,03:52 PM,9,8,10,8,35,100,85,14.3,998,12,7,175,23,london
353,2019-12-20,9,8,0.0,2.8,2,36,12:41 AM,01:04 PM,08:03 AM,03:53 PM,6,7,9,7,16,72,83,11.1,984,9,9,213,12,london
354,2019-12-21,10,3,0.0,2.8,2,28,02:01 AM,01:25 PM,08:04 AM,03:53 PM,6,6,8,6,26,86,80,7.7,981,10,9,186,18,london
355,2019-12-22,9,7,0.0,2.8,2,21,03:21 AM,01:47 PM,08:04 AM,03:54 PM,5,6,8,6,22,74,81,3.4,983,9,10,264,16,london
356,2019-12-23,9,7,0.0,7.5,2,14,04:40 AM,02:13 PM,08:04 AM,03:54 PM,4,5,8,5,27,43,76,0.0,1005,9,10,251,18,london
357,2019-12-24,11,7,0.0,6.7,2,7,05:59 AM,02:45 PM,08:05 AM,03:55 PM,6,6,9,6,28,71,80,0.9,1007,11,9,236,18,london
358,2019-12-25,8,6,0.0,7.5,3,0,07:13 AM,03:25 PM,08:05 AM,03:56 PM,3,5,7,5,13,16,78,0.0,1022,8,10,263,10,london
359,2019-12-26,10,4,0.0,4.8,2,0,08:18 AM,04:13 PM,08:06 AM,03:56 PM,6,5,8,5,23,80,85,10.7,1018,10,9,195,15,london
360,2019-12-27,8,6,0.0,7.5,2,0,09:13 AM,05:11 PM,08:06 AM,03:57 PM,6,7,7,7,8,53,92,1.3,1028,8,7,192,5,london
361,2019-12-28,9,6,0.0,7.5,2,8,09:56 AM,06:15 PM,08:06 AM,03:58 PM,6,6,7,6,10,44,92,0.0,1036,9,6,169,6,london
362,2019-12-29,9,3,0.0,7.5,3,15,10:30 AM,07:23 PM,08:06 AM,03:59 PM,4,5,7,5,12,24,80,0.0,1034,9,9,188,8,london
363,2019-12-30,11,7,0.0,7.9,3,22,10:57 AM,08:30 PM,08:06 AM,04:00 PM,6,8,9,8,12,1,80,0.0,1029,11,10,218,10,london
364,2019-12-31,9,6,0.0,3.0,2,26,11:19 AM,09:38 PM,08:06 AM,04:01 PM,7,6,8,6,14,67,94,0.0,1032,9,7,135,9,london
